{
	"info": {
		"_postman_id": "e2bed452-b113-4e58-b1c7-398eddcbbd42",
		"name": "C:\\Users\\User\\Desktop\\Api",
		"schema": "https://schema.getpostman.com/json/collection/v2.1.0/collection.json"
	},
	"item": [
		{
			"name": "https://www.getpostman.com/collections/448272436d7fd5e99196",
			"request": {
				"method": "GET",
				"header": [],
				"body": {
					"mode": "raw",
					"raw": ""
				},
				"url": {
					"raw": "https://www.getpostman.com/collections/448272436d7fd5e99196",
					"protocol": "https",
					"host": [
						"www",
						"getpostman",
						"com"
					],
					"path": [
						"collections",
						"448272436d7fd5e99196"
					]
				},
				"description": "Api SE_Project"
			},
			"response": []
		}
	]
}