
{"info":{"_postman_id":"182caf67-1608-4d0e-8c69-222dfcfc140d","name":"Mine","schema":"https:\/\/schema.getpostman.com\/json\/collection\/v2.0.0\/collection.json"},"item":[{"name":"Get main database","id":"8771f162-5120-4dde-a7d6-4c9dc5ed223f","request":{"method":"GET","header":[],"url":"http:\/\/androidkurd.ir\/city\/result.json"},"response":[]},{"name":"Get review database","id":"96e15803-88cb-427c-b3f8-2a49af8010de","request":{"method":"GET","header":[],"url":"http:\/\/androidkurd.ir\/city\/result2.json"},"response":[]}]}